{"cameraMode":{"drawMode":0,"name":"Shaded","section":"Shading Mode"},"sceneLighting":false,"audioPlay":false,"sceneViewState":{"showFog":false,"showMaterialUpdate":false,"showSkybox":false,"showFlares":false,"showImageEffects":false,"showParticleSystems":false},"in2DMode":false,"pivot":{"x":507.91766357421877,"y":152.65548706054688,"z":-115.73416137695313},"rotation":{"x":0.03299068287014961,"y":0.015591041184961796,"z":-0.0005150735378265381,"w":0.999341607093811},"size":666.2799682617188,"orthographic":true}