{"cameraMode":{"drawMode":0,"name":"Shaded","section":"Shading Mode"},"sceneLighting":false,"audioPlay":false,"sceneViewState":{"showFog":false,"showMaterialUpdate":false,"showSkybox":false,"showFlares":false,"showImageEffects":false,"showParticleSystems":false},"in2DMode":false,"pivot":{"x":493.18609619140627,"y":339.82244873046877,"z":-143.3771514892578},"rotation":{"x":-0.0033712044823914768,"y":-0.6623097062110901,"z":-0.002980099990963936,"w":0.7492260932922363},"size":55.546974182128909,"orthographic":true}