{"cameraMode":{"drawMode":0,"name":"Shaded","section":"Shading Mode"},"sceneLighting":false,"audioPlay":false,"sceneViewState":{"showFog":false,"showMaterialUpdate":false,"showSkybox":false,"showFlares":false,"showImageEffects":false,"showParticleSystems":false},"in2DMode":false,"pivot":{"x":559.9998168945313,"y":317.95452880859377,"z":0.70001220703125},"rotation":{"x":0.04945281147956848,"y":0.03295361250638962,"z":-0.0016325105680152774,"w":0.9982319474220276},"size":301.7918395996094,"orthographic":false}